{
  "formatVersion": 1,
  "database": {
    "version": 2,
    "identityHash": "b3de41ce08765ff1e4b64a2cdd2c4263",
    "entities": [
      {
        "tableName": "transacciones",
        "createSql": "CREATE TABLE IF NOT EXISTS `${TABLE_NAME}` (`id` INTEGER PRIMARY KEY AUTOINCREMENT NOT NULL, `tipo` TEXT NOT NULL, `monto` REAL NOT NULL, `descripcion` TEXT NOT NULL, `fecha` INTEGER NOT NULL, `categoriaId` INTEGER NOT NULL)",
        "fields": [
          {
            "fieldPath": "id",
            "columnName": "id",
            "affinity": "INTEGER",
            "notNull": true
          },
          {
            "fieldPath": "tipo",
            "columnName": "tipo",
            "affinity": "TEXT",
            "notNull": true
          },
          {
            "fieldPath": "monto",
            "columnName": "monto",
            "affinity": "REAL",
            "notNull": true
          },
          {
            "fieldPath": "descripcion",
            "columnName": "descripcion",
            "affinity": "TEXT",
            "notNull": true
          },
          {
            "fieldPath": "fecha",
            "columnName": "fecha",
            "affinity": "INTEGER",
            "notNull": true
          },
          {
            "fieldPath": "categoriaId",
            "columnName": "categoriaId",
            "affinity": "INTEGER",
            "notNull": true
          }
        ],
        "primaryKey": {
          "autoGenerate": true,
          "columnNames": [
            "id"
          ]
        },
        "indices": [],
        "foreignKeys": []
      },
      {
        "tableName": "categorias",
        "createSql": "CREATE TABLE IF NOT EXISTS `${TABLE_NAME}` (`id` INTEGER PRIMARY KEY AUTOINCREMENT NOT NULL, `nombre` TEXT NOT NULL)",
        "fields": [
          {
            "fieldPath": "id",
            "columnName": "id",
            "affinity": "INTEGER",
            "notNull": true
          },
          {
            "fieldPath": "nombre",
            "columnName": "nombre",
            "affinity": "TEXT",
            "notNull": true
          }
        ],
        "primaryKey": {
          "autoGenerate": true,
          "columnNames": [
            "id"
          ]
        },
        "indices": [],
        "foreignKeys": []
      },
      {
        "tableName": "usuario",
        "createSql": "CREATE TABLE IF NOT EXISTS `${TABLE_NAME}` (`id` INTEGER NOT NULL, `nombre` TEXT NOT NULL, `correo` TEXT NOT NULL, PRIMARY KEY(`id`))",
        "fields": [
          {
            "fieldPath": "id",
            "columnName": "id",
            "affinity": "INTEGER",
            "notNull": true
          },
          {
            "fieldPath": "nombre",
            "columnName": "nombre",
            "affinity": "TEXT",
            "notNull": true
          },
          {
            "fieldPath": "correo",
            "columnName": "correo",
            "affinity": "TEXT",
            "notNull": true
          }
        ],
        "primaryKey": {
          "autoGenerate": false,
          "columnNames": [
            "id"
          ]
        },
        "indices": [],
        "foreignKeys": []
      }
    ],
    "views": [],
    "setupQueries": [
      "CREATE TABLE IF NOT EXISTS room_master_table (id INTEGER PRIMARY KEY,identity_hash TEXT)",
      "INSERT OR REPLACE INTO room_master_table (id,identity_hash) VALUES(42, 'b3de41ce08765ff1e4b64a2cdd2c4263')"
    ]
  }
}